<?xml version="1.0" encoding="utf-8"?>
<metadata>
	<layout title="COM_KWPANORAMA_KWPANORAMA_VIEW_DEFAULT_TITLE" option="View">
		<message>
			<![CDATA[COM_KWPANORAMA_KWPANORAMA_VIEW_DEFAULT_DESC]]>
		</message>
	</layout>
	<config>
		<fields name="params">
			<fieldset name="basic">
				<field name="id" type="sql" label="COM_KWPANORAMA_KWPANORAMA_ID_FIELD_LABEL"
					   description="COM_KWPANORAMA_KWPANORAMA_ID_FIELD_DESC"
					   query="SELECT id FROM #__kwpanorama ORDER BY id ASC" key_field="id"
					   value_field="id" required="true" />

				<!-- Define your basic params for the view here -->
			</fieldset>
		</fields>
	</config>
</metadata>
